Annotatore	ID	Claude_Sonnet_simplification_P2	Semplificazioni (SEM)	Soggetto Esplicito (SOE)	Frasi Nominali (FNO)	Frasi seA2lici (FSE)	Sigle o abbreviazioni (SIG)	Espressioni figurate (EFI)	Parafrasi (PAR)	
A1	1	Questa è una lattiera, un contenitore per il latte. Ha una forma rotonda con un manico a C e un beccuccio per versare. È decorata con un disegno di uva su sfondo bianco e ha il bordo verde.	y	y	n	n	n	n	n	na
A1	2	Questo è un piccolo oggetto decorativo giapponese chiamato netsuke. Mostra un granchio e una creatura mitologica chiamata kappa. Il granchio tiene il kappa con la sua chela.	y	y	n	n	n	n	n	na
A1	3	Questa statua rappresenta un apostolo di Gesù. Indossa una tunica e un mantello. Ha barba e capelli lunghi. Tiene in mano un libro.	y	n	n	n	n	n	n	na
A1	4	Questa statua mostra un profeta. Indossa una tunica larga e ha capelli lunghi. Tiene un rotolo di pergamena e un pezzo della sua tunica.	n	na	n	n	n	n	n	na
A1	5	Questa statua raffigura un arcangelo. Ha dei gigli in una mano e l'altra mano alzata. Il suo vestito sembra mosso dal vento.	y	n	n	n	n	n	n	na
A1	6	Questa è una statua di Re Davide. È seduto e tiene un'arpa. Indossa una corona.	y	n	n	n	n	n	n	na
A1	7	Questa statua mostra San Giorgio che uccide un drago con la sua lancia. Indossa abiti eleganti.	y	n	n	n	n	n	n	na
A1	8	Questa è una statua di San Francesco d'Assisi. Ha una mano sul petto e guarda verso l'alto.	n	na	n	n	n	n	n	na
A1	9	Questa statua rappresenta un santo che tiene un libro aperto.	n	na	y	n	n	n	n	na
A1	10	Questo dipinto mostra un santo che sta scrivendo. Indossa abiti da vescovo.	n	na	n	n	n	n	n	na
A1	11	Questa statua rappresenta un santo che tiene un libro e un'alabarda, un tipo di arma.	y	y	n	n	n	n	n	na
A1	12	Questo dipinto mostra un santo che sta scrivendo e guarda verso l'alto.	n	na	y	n	n	n	n	na
A1	13	Questo dipinto mostra un santo, ma non si vede chiaramente cosa tiene in mano.	n	na	n	n	n	n	n	na
A1	14	Questa statua ha un aspetto teatrale ma mantiene una forma classica.	y	n	n	n	n	n	n	na
A1	15	Questo dipinto mostra due santi: un vescovo con bastone e mitra, e San Pietro con un libro e una chiave. Sullo sfondo c'è un paesaggio.	y	n	y	n	n	n	n	na
A1	16	Questo dipinto mostra San Paolo con una spada e San Giovanni Battista con una croce fatta di canne.	n	na	y	n	n	n	n	na
A1	17	Questo dipinto mostra Gesù dalla vita in su, con le mani sul petto.	n	na	y	n	n	n	n	na
A1	18	Questo dipinto mostra un apostolo con un libro e una croce. Ha la barba e guarda verso l'alto.	n	na	n	n	n	n	n	na
A1	19	Questo dipinto mostra San Simone Apostolo che tiene una sega, il suo simbolo.	n	na	y	n	n	n	n	na
A1	20	Questo dipinto mostra San Bartolomeo che tiene la sua pelle, perché secondo la tradizione fu scorticato.	n	na	y	n	n	n	n	na
A1	21	Questo dipinto mostra la nascita di Gesù. C'è Gesù Bambino nella mangiatoia, Maria e Giuseppe, un bue, un asino, un pastore e un angelo.	y	n	y	n	n	n	n	na
A1	22	Questo dipinto mostra Gesù Bambino presentato al tempio. C'è Simeone che tiene Gesù, Maria, Giuseppe, Sant'Anna e delle colombe.	n	na	y	n	n	n	n	na
A1	23	Questo dipinto mostra Gesù con la corona di spine. Due uomini gli stanno mettendo la corona sulla testa.	n	na	y	n	n	n	n	na
A1	24	Questo dipinto mostra Gesù sulla croce con Maria, San Giovanni e Maria Maddalena.	n	na	y	n	n	n	n	na
A1	25	Questa è una statua di un evangelista (chi ha scritto il Vangelo) con un angelo.	y	y	y	n	n	n	n	na
A1	26	Questa è una statua di un evangelista con un leone ai suoi piedi.	y	n	y	n	n	n	n	na
A1	27	Questo dipinto mostra Gesù disteso sulla croce. Due uomini gli stanno inchiodando le mani e un soldato guarda.	n	na	y	n	n	n	n	na
A1	28	Questo dipinto mostra Gesù crocifisso con Maria, Maria Maddalena e San Giovanni.	n	na	y	n	n	n	n	na
A1	29	Questo dipinto mostra Gesù morto, avvolto in un lenzuolo. Maria e San Giovanni piangono accanto a lui. Il corpo di Gesù è disteso su una pietra che rappresenta il sepolcro.	y	n	y	n	n	n	n	na
A1	30	Questo dipinto mostra Gesù che riceve la croce. Due uomini lo aiutano a metterla sulla spalla.	n	na	y	n	n	n	n	na
A1	31	Questo dipinto mostra Gesù che porta la croce e si ferma davanti a Maria che piange.	n	na	y	n	n	n	n	na
A1	32	Questo dipinto mostra Gesù con la croce sulla spalla. La Veronica gli asciuga il viso con un panno. Ci sono anche dei soldati.	n	na	y	n	n	n	n	na
A1	33	Questo dipinto mostra Gesù che porta la croce e parla con alcune donne.	n	na	y	n	n	n	n	na
A1	34	Questo dipinto mostra Gesù che cade sotto il peso della croce. Alcuni uomini cercano di farlo alzare.	n	na	y	n	n	n	n	na
A1	35	Questo affresco mostra Maria che tiene Gesù Bambino mentre un sacerdote fa la circoncisione. Ci sono anche altre persone, tra cui Giuseppe e Sant'Anna.	y	n	y	n	n	n	n	na
A1	36	Questo affresco mostra Maria seduta su un trono con Gesù Bambino sulle ginocchia. Gesù benedice e ha una croce al collo. Maria tiene un libro.	n	na	n	n	n	n	n	na
A1	37	Questo affresco mostra due profeti della Bibbia. Ognuno tiene un rotolo di pergamena.	y	n	y	n	y	n	n	na
A1	38	Questo affresco mostra Gesù che risorge. Si alza dalla tomba con una bandiera in mano. Ci sono soldati e un angelo. Le donne arrivano con l'olio.	y	n	y	n	n	n	n	na
A1	39	Questo affresco mostra Maria Maddalena che si inginocchia davanti a Gesù. Gesù ha una vanga in mano. Ci sono anche alcuni apostoli.	y	n	y	n	n	n	n	na
A1	40	Questo affresco mostra Gesù che sale al cielo. È circondato da una nuvola. Ci sono angeli e persone inginocchiate che guardano.	y	n	y	n	n	n	n	na
A1	41	Questo affresco mostra il viso di un uomo di profilo. Non ha la barba e tiene un rotolo di carta. Sopra c'è scritto il nome Daniele.	n	na	y	n	n	n	n	na
A1	42	Questo affresco mostra Gioacchino che viene mandato via dal tempio. C'è anche un pastore con un agnello in braccio.	y	n	y	n	n	n	n	na
A1	43	Questo affresco mostra il viso di un uomo di profilo. Ha una lunga barba e tiene un rotolo di carta. Non si può leggere il suo nome.	y	n	y	n	n	n	n	na
A1	44	Questo affresco mostra il viso di un uomo con la barba. Tiene un rotolo di carta. Sopra c'è scritto il nome Mosè.	y	n	y	n	n	n	n	na
A1	45	Questo affresco mostra Gioacchino e Anna che si abbracciano. C'è anche un'altra donna più piccola.	y	n	y	n	n	n	n	na
A1	46	Questo affresco mostra la nascita di Maria. Anna è seduta sul letto. Ci sono donne che preparano il bagno per Maria e una che porta del cibo.	y	n	y	n	n	n	n	na
A1	47	Questo affresco mostra l'angelo Gabriele che parla a Maria. C'è un vaso di fiori e Dio in alto. Maria è inginocchiata davanti a un libro.	y	n	y	n	n	n	n	na
A1	48	Questo affresco mostra un sacerdote che unisce le mani di Giuseppe e Maria. Ci sono altre persone che guardano, inclusa Anna.	n	na	y	n	n	n	n	na
A1	49	Questo affresco mostra Maria in cielo con gli Apostoli. Sotto ci sono angeli che suonano.	y	n	y	n	n	n	n	na
A1	50	Questa immagine mostra due angeli inginocchiati che tengono un contenitore speciale per l'ostia.	y	n	y	n	n	n	n	na
A1	51	Questo dipinto mostra San Giovanni, che è giovane e tiene un libro.	n	na	y	n	n	n	n	na
A1	52	Questo dipinto mostra San Matteo, che è più vecchio di San Giovanni e tiene un libro.	n	na	y	n	n	n	n	na
A1	53	Questo dipinto mostra Gesù che cade mentre porta la croce. Ci sono molte persone intorno e si vedono le mura di Gerusalemme.	n	na	y	n	n	n	n	na
A1	54	Questo dipinto mostra gli apostoli che guardano in alto. Si vedono solo i piedi di Gesù che sale al cielo.	n	na	y	n	n	n	n	na
A1	55	Questo dipinto mostra Maria che viene incoronata da Gesù e Dio Padre.	n	na	y	n	n	n	n	na
A1	56	Questo dipinto mostra Maria ed Elisabetta che si abbracciano. Ci sono anche Zaccaria e Giuseppe, e si vede una città.	n	na	y	n	n	n	n	na
A1	57	Questo dipinto mostra Gesù, Maria e Giuseppe in una capanna. C'è un angelo in alto e forse un altro angelo vicino.	n	na	y	n	n	n	n	na
A1	58	Questo dipinto mostra Gesù a cui vengono messe delle spine sulla testa da due soldati.	n	na	y	n	n	n	n	na
A1	59	Questo dipinto mostra Giovanni Battista in prigione con delle catene. Ci sono tre guardie, un grande cane, e si vede Gesù che parla con due persone in lontananza.	n	na	y	n	n	n	n	na
A1	60	Questo dipinto mostra Giovanni Battista che prega in un bosco con montagne. C'è un agnello ai suoi piedi e due piccoli angeli in alto.	n	na	y	n	n	n	n	na
A1	61	Questa è una porta di tabernacolo con un disegno di un contenitore speciale per l'ostia circondato da raggi e nuvole.	y	n	y	n	n	n	n	na
A1	62	Questa è una tavoletta di legno che mostra l'angelo Gabriele che parla a Maria. Maria è inginocchiata e c'è una colomba in alto.	n	na	y	n	n	n	n	na
A1	63	Questa tavoletta di legno mostra Gesù sulla croce con Maria e Giovanni ai lati. Si vede Gerusalemme in lontananza e nuvole scure in cielo.	n	na	y	n	n	n	n	na
A1	64	Questa tavoletta di legno mostra Gesù che risorge dalla tomba. Ci sono soldati intorno, alcuni dormono e altri sono spaventati.	n	na	y	n	n	n	n	na
A1	65	Questa tavoletta di legno mostra Maria seduta con un libro, circondata dagli apostoli. Tutti guardano in alto verso una colomba.	n	na	y	n	n	n	n	na
A1	66	Questa tavoletta di legno mostra Maria che viene incoronata da Gesù e Dio Padre. C'è una colomba in alto e molte nuvole intorno.	y	n	y	n	n	n	n	na
A1	67	Questa tavoletta di legno mostra Maria, Gesù Bambino in una culla, e tre pastori. Si vedono anche un bue e un asino.	n	na	y	n	n	n	n	na
A1	68	Questa tavoletta di legno mostra Maria che porta Gesù Bambino a un sacerdote in una chiesa. C'è anche Sant'Anna.	n	na	y	n	n	n	n	na
A1	69	Questa tavoletta di legno mostra Gesù legato a una colonna mentre due soldati lo colpiscono. Due sacerdoti guardano.	n	na	y	n	n	n	n	na
A1	70	Questa tavoletta di legno mostra Gesù che prega in un giardino. Gli apostoli dormono vicino a lui.	n	na	y	n	n	n	n	na
A1	71	Questa tavoletta di legno mostra Gesù seduto mentre tre soldati gli mettono una corona di spine. Due sacerdoti guardano.	y	n	y	n	n	n	n	na
A1	72	Questo è un vestito speciale per i sacerdoti. Ha immagini di santi ricamate sopra.	y	n	y	n	n	n	n	na
A1	73	Questo dipinto mostra Gesù seduto su un trono in un tempio, circondato da persone sagge.	n	na	y	n	n	n	n	na
A1	74	Questo dipinto mostra Gesù legato a una colonna mentre tre soldati lo colpiscono.	n	na	y	n	n	n	n	na
A1	75	Questo è un tabernacolo con piccole colonne. La porta mostra l'angelo che parla a Maria.	y	n	y	n	n	n	n	na
A1	76	Sopra il tabernacolo c'è un posto speciale per mostrare l'ostia. Ha un'immagine di Gesù sulla croce e due statue di angeli. In cima c'è una corona.	n	na	y	n	n	n	n	na
A1	77	Questo dipinto mostra San Francesco che benedice dei poveri mentre cammina con un altro monaco.	n	na	y	n	n	n	n	na
A1	78	Questo dipinto mostra la Madonna con Gesù Bambino che appare a Sant'Antonio. Sant'Antonio è inginocchiato davanti a un altare e ci sono altri monaci in lontananza.	n	na	y	n	n	n	n	na
A1	79	Questo dipinto mostra Sant'Antonio che mostra l'ostia a un asino, e l'asino si inginocchia.	y	n	y	n	n	n	n	na
A1	80	Questo dipinto mostra Sant'Antonio che parla ai pesci. Sopra c'è un cartello con delle parole scritte.	n	na	y	n	n	n	n	na
A1	81	Questo dipinto mostra Maria che tiene in braccio Gesù bambino. Gesù è avvolto in un panno chiaro e Maria indossa un lungo mantello.	n	na	y	n	n	n	n	na
A1	82	Questo dipinto mostra Gesù sulla croce. Accanto ci sono Maria, Giovanni, Giuseppe d'Arimatea e Maria Maddalena. C'è anche un soldato a cavallo.	n	na	y	n	y	n	n	na
A1	83	Questo dipinto mostra San Giacomo Maggiore in piedi. Indossa abiti da pellegrino, tiene un bastone e apre il suo mantello rosso.	y	n	y	n	n	n	n	na
A1	84	Questo dipinto mostra un santo in piedi. Ha un grande mantello verde e tiene un libro. Ha pochi capelli e sembra serio.	n	na	y	n	n	n	n	na
A1	85	Questo dipinto mostra Gesù con la corona di spine. Due soldati gli tolgono la tunica, mentre altri guardano.	y	n	y	n	n	n	n	na
A1	86	Questo dipinto mostra Gesù che viene tolto dalla croce. Giovanni e un altro uomo lo prendono, mentre Maria e Maria Maddalena guardano tristi.	n	na	y	n	n	n	n	na
A1	87	Questo dipinto mostra Gesù morto avvolto in un lenzuolo. Viene messo nella tomba mentre Maria, Maria Maddalena e Giovanni piangono.	n	na	y	n	n	n	n	na
A1	88	Questo dipinto mostra Gesù che riceve la croce. Ci sono soldati che lo aiutano e uno a cavallo con una bandiera romana.	n	na	y	n	n	n	n	na
A1	89	Questo dipinto mostra Gesù che cade mentre porta la croce. I soldati cercano di farlo alzare e uno lo tira con una corda.	n	na	y	n	n	n	n	na
A1	90	Questo dipinto mostra Gesù che porta la croce. Simone di Cirene lo aiuta, mentre i soldati lo spingono.	n	na	y	n	n	n	n	na
A1	91	Questo dipinto mostra Gesù che porta la croce. La Veronica gli asciuga il viso con un panno. Ci sono soldati che lo spingono e tirano.	n	na	y	n	n	n	n	na
A1	92	Questo dipinto mostra Gesù caduto sotto il peso della croce. I soldati lo circondano.	n	na	y	n	y	n	n	na
A1	93	Questo dipinto mostra Pilato seduto sul trono con Gesù davanti a lui. Ci sono molti soldati romani intorno.	y	n	y	n	y	n	n	na
A1	94	Questo dipinto mostra Gesù mentre i soldati gli tolgono i vestiti. Ci sono molte persone che guardano.	n	na	y	n	n	n	n	na
A1	95	Questo dipinto mostra Gesù morto sulle ginocchia di Maria. Ci sono persone che lo hanno appena tolto dalla croce e altre che piangono.	n	na	y	n	n	n	n	na
A1	96	Questo dipinto mostra Gesù che incontra sua madre Maria mentre porta la croce. Ci sono soldati e altre donne intorno.	n	na	y	n	n	n	n	na
A1	97	Questo dipinto mostra Gesù caduto a terra con la croce. I soldati cercano di farlo alzare e lo tirano con una corda.	n	na	y	n	n	n	n	na
A1	98	Questo dipinto mostra Gesù morto che viene messo nella tomba. Maria e altre persone guardano tristi.	n	na	y	n	n	n	n	na
A1	99	Questa statua mostra San Domenico in piedi. Indossa un abito bianco e un mantello nero. Tiene un libro in mano.	n	na	n	n	y	n	n	na
A1	100	Questo affresco mostra due santi inginocchiati davanti e due santi in piedi dietro. Uno è un papa e uno è un vescovo.	y	n	n	n	n	n	n	na
A2	101	Questo affresco mostra Santa Chiara e Santa Caterina da Siena inginocchiate davanti. Dietro ci sono San Francesco e San Domenico.	y	n	y	n	n	n	n	na
A2	102	Questo affresco mostra Santa Margherita con un drago e altre sante. Due sante sono sedute su nuvole.	y	n	y	n	y	n	n	na
A2	103	Questo affresco mostra Maria incoronata da Gesù e Dio Padre. In basso ci sono San Giovanni Battista e un santo soldato.	y	n	y	n	n	n	n	na
A2	104	Questo affresco mostra due santi che guardano la Sacra Sindone tenuta da angeli. Uno sembra San Bernardino e l'altro potrebbe essere San Luigi di Francia.	y	n	n	n	n	n	n	na
A2	105	Questo affresco mostra San Lorenzo e San Sebastiano inginocchiati davanti. Dietro ci sono Santo Stefano e un santo vescovo in piedi. San Lorenzo e San Sebastiano hanno i simboli del loro martirio. Il santo vescovo ha un bastone pastorale e due palle ai suoi piedi.	y	n	y	n	y	n	n	na
A2	106	Questo affresco mostra Santa Maria Maddalena e Santa Caterina d'Alessandria inginocchiate davanti. Dietro ci sono San Rocco e San Luigi di Francia in piedi.	y	n	y	n	y	n	n	na
A2	107	Questo affresco mostra quattro sante: due inginocchiate davanti e due in piedi dietro. Una ha una corona e una bandiera, l'altra indossa abiti da suora.	y	n	n	n	n	n	n	na
A2	108	Questo dipinto mostra una figura con un mantello che svolazza. Ha un'espressione seria e solenne.	n	na	n	n	n	n	n	na
A2	109	Questo dipinto mostra delle figure con espressioni serie e un po' rigide.	n	na	y	n	y	n	n	na
A2	110	Questo dipinto mostra il primo mistero del rosario. È vicino a una nicchia sull'altare.	y	n	n	n	y	n	y	n
A2	111	Questo dipinto mostra il decimo mistero del rosario. È vicino a una nicchia sull'altare.	y	n	n	n	y	n	y	n
A2	112	Questo dipinto mostra il tredicesimo mistero del rosario. È vicino a una nicchia sull'altare.	y	n	n	n	y	n	y	n
A2	113	Questo dipinto mostra il secondo mistero del rosario. È vicino a una nicchia sull'altare.	y	n	n	n	y	n	y	n
A2	114	Questo dipinto mostra il quinto mistero del rosario. È vicino a una nicchia sull'altare.	y	n	n	n	y	n	y	n
A2	115	Questo dipinto mostra il sesto mistero del rosario. È vicino a una nicchia sull'altare.	y	n	n	n	y	n	y	n
A2	116	Questo dipinto mostra l'ottavo mistero del rosario. È vicino a una nicchia sull'altare.	y	n	n	n	y	n	y	n
A2	117	Ci sono quattro busti con la base e il mantello dorati. Dietro sono vuoti per mettere delle reliquie.	y	n	n	n	n	n	n	na
A2	118	Questo dipinto mostra una storia della Bibbia. Ha molti colori verdi che si accordano con gli affreschi del soffitto.	y	n	n	n	n	n	n	na
A2	119	Questo dipinto mostra Salomè ed Erodiade. Salomè tiene un piatto con la testa di San Giovanni Battista. Il corpo di San Giovanni è a terra. Le donne indossano abiti eleganti e gioielli. La scena è in una prigione.	n	na	y	n	y	n	n	na
A2	120	Questo dipinto mostra Sant'Antonio Abate e Sant'Agostino. Guardano in alto verso una colomba. Sant'Antonio ha un bastone con una campanella e un maiale ai piedi. Sant'Agostino ha una mitra (cappello da vescovo) e un bastone pastorale. I colori sono vivaci.	y	y	n	n	y	n	n	na
A2	121	Questo dipinto mostra una scena triste. C'è una mamma che cerca di proteggere il suo bambino da un uomo che vuole prenderlo. Ci sono soldati che prendono altre mamme e bambini. Alcuni bambini scappano. In alto ci sono angeli che guardano. I colori sono marroni, azzurri e grigi.	n	na	y	n	n	n	n	na
A2	122	Questo dipinto mostra Gesù risorto che incontra sua madre Maria. Maria è inginocchiata e tiene le mani di Gesù. Ci sono anche altri santi come Pietro e Giovanni. In alto ci sono angeli che suonano musica.	n	na	y	n	n	n	n	na
A2	123	Questo dipinto mostra Gesù che parla con Maria Maddalena dopo essere risorto. Gesù ha una zappa in mano. Maria Maddalena è inginocchiata davanti a lui. Sullo sfondo si vede la tomba vuota di Gesù.	n	na	y	n	y	n	n	na
A2	124	Questo dipinto mostra Maria con Gesù Bambino. Accanto c'è Giuseppe. Davanti ci sono i Re Magi che portano regali a Gesù. Uno dei Re Magi è inginocchiato, gli altri due sono in piedi.	n	na	y	n	n	n	n	na
A2	125	Questo dipinto mostra un santo vescovo che legge un libro. Ha un cappello speciale chiamato mitra e indossa abiti rossi e dorati.	y	y	n	n	n	n	n	na
A2	126	Questo dipinto mostra San Francesco che guarda un crocifisso. Ha i capelli tagliati a forma di cerchio e indossa un abito marrone. Il suo viso è molto pallido.	n	na	n	n	y	n	n	na
A2	127	Questa statua mostra San Marco che scrive il Vangelo. Ha la barba e un'aureola. Accanto a lui c'è un leone.	n	na	n	n	y	n	n	na
A2	128	Questa statua mostra San Giovanni con un libro aperto. È giovane e senza barba. Accanto a lui c'è un'aquila.	n	na	n	n	y	n	n	na
A2	129	Questa statua mostra San Paolo con una spada. Ha la barba e un'aureola. Indica verso l'alto con un dito.	n	na	n	n	y	n	n	na
A2	130	Questa statua mostra Gesù con un agnello ai suoi piedi. Ha le braccia alzate e indica verso l'alto.	n	na	n	n	n	n	n	na
A2	131	Questa statua mostra Santo Stefano con delle pietre in mano. Indossa abiti speciali e guarda verso l'alto.	n	na	n	n	n	n	n	na
A2	132	Questa statua mostra San Lorenzo. Le sue mani sono in una posizione come se tenesse qualcosa, ma l'oggetto è andato perso.	n	na	n	n	n	n	n	na
A2	133	Questo è un aspersorio, uno strumento per spruzzare acqua santa. Ha decorazioni di foglie.	y	y	n	n	y	n	n	na
A2	134	Questa è una navicella per l'incenso. Ha decorazioni di foglie e teste di angeli. Ci sono dei marchi speciali sotto.	y	n	n	n	y	n	n	na
A2	135	Questa è una conchiglia per il battesimo. Ha decorazioni di foglie. Metà del coperchio sembra una conchiglia.	y	n	n	n	y	n	n	na
A2	136	Questa è una brocca per l'acqua. Ha decorazioni di foglie e un manico curvo. Ci sono marchi speciali sotto.	n	na	n	n	y	n	n	na
A2	137	Questa è una pianeta, un abito da prete. È fatta di tessuto prezioso con disegni in argento e oro.	y	y	n	n	y	n	n	na
A2	138	Questo è un piviale, un mantello da prete. È verde con disegni di vasi e fiori. Ha bordi dorati e frange.	y	y	n	n	y	n	n	na
A2	139	Questa è una pianeta rossa con disegni di fiori e foglie in oro e altri colori. Ha bordi dorati.	y	n	n	n	y	n	n	na
A2	140	Questo è un tessuto prezioso con disegni fatti con fili d'oro e d'argento.	n	na	y	n	n	n	n	na
A2	141	Questa pianeta è un abito da prete di colore viola scuro. Ha disegni di fiori e foglie fatti con fili d'oro e d'argento. I bordi sono decorati con un nastro dorato che sembra un pizzo.	y	y	n	n	n	n	n	na
A2	142	Questo tessuto è bianco con disegni colorati di fiori. Ci sono peonie rosse e garofani. I bordi sono decorati con un nastro dorato che ha disegni di foglie e fiori.	n	na	y	n	n	n	n	na
A2	143	Questo tessuto è giallo e brillante come l'oro. I bordi hanno un nastro d'argento con disegni a rombi. Alcune parti hanno un nastro più nuovo.	n	na	y	n	y	n	n	na
A2	144	Questo tessuto è rosso e brillante come l'oro. I bordi hanno un nastro dorato con disegni di grandi foglie.	n	na	y	n	y	n	n	na
A2	145	Questo tessuto è viola con disegni di grandi mazzi di fiori in vasi. Intorno ai fiori ci sono ghirlande con uva e spighe. I bordi hanno un nastro dorato con disegni di foglie.	n	na	y	n	y	n	n	na
A2	146	Questo tessuto è rosso con disegni di rametti e mazzi di fiori. I bordi hanno un nastro dorato con disegni di foglie di salice e trifoglio.	n	na	y	n	y	n	n	na
A2	147	Questo tessuto bianco è quasi tutto coperto di ricami colorati. Ci sono grandi fiori come garofani e peonie, e piccoli disegni di foglie e frutta. I bordi hanno un nastro d'argento con ricami d'oro.	n	na	y	n	y	n	n	na
A2	148	Questo tessuto è uguale al numero 7.	n	na	y	n	y	n	n	na
A2	149	Questo è un velo per il calice di colore viola chiaro. Ha ricami d'argento con disegni di foglie intrecciate sul bordo.	n	na	n	n	y	n	n	na
A2	150	Questa è una borsa per il corporale di colore viola chiaro. Ha ricami d'argento con foglie sul bordo e una croce al centro.	y	n	n	n	y	n	n	na
A2	151	Questa è una stola bianca. Sui bordi ha ricami dorati di foglie. Al centro c'è una croce dorata e in fondo ci sono delle frange.	y	n	n	n	n	n	n	na
A2	152	Questa pianeta è bianca con molti ricami colorati di fiori e frutta. Ci sono anche ricami dorati. Sul retro c'è il simbolo di San Bernardino.	y	n	y	n	n	n	n	na
A2	153	Questa pianeta è viola con ricami d'argento. Ci sono disegni di foglie, fiori e cesti di fiori. I bordi hanno ricami di rametti intrecciati.	y	n	y	n	n	n	n	na
A2	154	Queste sono quattro piccole immagini che mostrano i quattro evangelisti.	n	na	y	n	n	n	n	na
A2	155	Questo dipinto mostra la nascita di Maria. Si vedono delle donne che lavano la bambina e Sant'Anna a letto.	n	na	y	n	n	n	n	na
A2	156	Questo è un grande dipinto sul soffitto della chiesa. Mostra Maria portata in cielo dagli angeli.	n	na	n	n	y	n	n	na
A2	157	Questo è un grande dipinto sul soffitto della chiesa. Mostra Dio, Gesù e lo Spirito Santo con figure che rappresentano la fede, la speranza e l'amore, e alcuni santi importanti.	n	na	n	n	n	n	n	na
A2	158	Questo dipinto mostra la nascita di Maria. È in una cornice con molti lati curvi.	n	na	n	n	y	n	n	na
A2	159	Questo dipinto mostra quando lo Spirito Santo scende sugli apostoli. È in una cornice con molti lati curvi.	n	na	n	n	n	n	n	na
A2	160	Questo dipinto mostra Gesù trascinato da soldati. C'è un cane che abbaia al suo passaggio.	n	na	y	n	n	n	n	na
A2	161	Questo dipinto mostra Gesù seduto. Alcune persone cattive gli tolgono i vestiti e gli danno da bere qualcosa di brutto.	n	na	y	n	n	n	n	na
A2	162	Questo dipinto mostra Gesù che viene messo sulla croce. Dietro si vedono Maria e altre donne tristi.	n	na	y	n	n	n	n	na
A2	163	Questo dipinto mostra Gesù morto sulle ginocchia di Maria. Vicino ci sono Giovanni e Maria Maddalena molto tristi.	n	na	y	n	n	n	n	na
A2	164	Questo dipinto mostra Gesù morto che viene messo nella tomba. Ci sono delle donne che guardano.	n	na	y	n	n	n	n	na
A2	165	Questo dipinto mostra Gesù che porta la croce. Ci sono soldati e persone cattive intorno a lui.	n	na	y	n	n	n	n	na
A2	166	Questo dipinto mostra Gesù che cade mentre porta la croce. I soldati e le persone cattive lo trattano male.	n	na	y	n	n	n	n	na
A2	167	Questo dipinto mostra Gesù che incontra Maria e altre donne mentre porta la croce. I soldati e le persone cattive lo trattano male.	n	na	y	n	n	n	n	na
A2	168	Questo dipinto mostra Gesù che riceve aiuto da Simone per portare la croce.	n	na	y	n	n	n	n	na
A2	169	Questo dipinto mostra Gesù che incontra la Veronica. Lei mostra un panno con il viso di Gesù. Dietro ci sono i soldati.	n	na	y	n	n	n	n	na
A2	170	Questo dipinto mostra Gesù che cade di nuovo mentre porta la croce. I soldati e le persone cattive lo trattano male.	n	na	y	n	n	n	n	na
A2	171	Questo dipinto mostra Gesù che si gira per parlare con le donne di Gerusalemme che piangono. Davanti c'è un bambino che guarda chi vede il dipinto.	n	na	y	n	n	n	n	na
A2	172	Questo dipinto mostra Gesù che cade ancora una volta mentre porta la croce. I soldati e le persone cattive lo trattano male.	n	na	y	n	n	n	n	na
A2	173	Questa statua mostra un angelo con un vestito largo che tiene la mano di un bambino. L'angelo indica il cielo con l'altra mano.	n	na	y	n	n	n	n	na
A2	174	Questa statua mostra l'arcangelo Michele con un'armatura. Sta pesando le anime su una bilancia. Sotto i suoi piedi c'è Satana, ma la statua è un po' rovinata.	n	na	y	n	n	n	y	n
A2	175	Questi sono 15 piccoli dipinti che mostrano storie importanti della vita di Gesù e Maria. Sono messi intorno a una nicchia centrale e hanno cornici dorate con foglie. I colori sono soprattutto marroni.	y	n	n	n	n	n	n	na
A2	176	Questo è un dipinto ovale che mostra Gesù circondato da luce e angeli.	n	na	y	n	n	n	n	na
A2	177	Questi sono due dipinti rettangolari con cornici decorate con disegni di piante.	n	na	y	n	n	n	n	na
A2	178	Questo dipinto mostra il primo Mistero del Rosario, una storia importante della vita di Maria.	n	na	y	n	y	n	y	y
A2	179	Questo dipinto mostra il decimo Mistero del Rosario, una storia importante della vita di Gesù.	n	na	y	n	y	n	y	y
A2	180	Questo dipinto mostra il tredicesimo Mistero del Rosario, un'altra storia importante della vita di Gesù.	n	na	y	n	y	n	y	y
A2	181	Questo dipinto mostra il quattordicesimo Mistero del Rosario, una storia importante della vita di Gesù.	n	na	y	n	y	n	y	y
A2	182	Questo dipinto mostra il quindicesimo Mistero del Rosario, l'ultima storia importante della vita di Maria.	n	na	y	n	y	n	y	y
A2	183	Questo dipinto mostra il secondo Mistero del Rosario, una storia importante della vita di Maria.	n	na	y	n	y	n	y	y
A2	184	Questo dipinto mostra il quarto Mistero del Rosario, una storia importante della vita di Gesù.	n	na	y	n	y	n	y	y
A2	185	Questo dipinto mostra il sesto Mistero del Rosario, una storia importante della vita di Gesù.	n	na	y	n	y	n	y	y
A2	186	Questo dipinto mostra l'ottavo Mistero del Rosario, una storia importante della vita di Gesù.	n	na	y	n	y	n	y	y
A2	187	Questo dipinto mostra la nascita di Maria. Fa parte di un gruppo di dipinti sulla vita di Maria in questa chiesa.	n	na	n	n	y	n	n	na
A2	188	Questo dipinto mostra l'angelo che annuncia a Maria che avrà Gesù. Fa parte di un gruppo di dipinti sulla vita di Maria in questa chiesa.	n	na	n	n	n	n	n	na
A2	189	Questo dipinto mostra Maria e Giuseppe che portano Gesù al tempio da bambino. Fa parte di un gruppo di dipinti sulla vita di Maria in questa chiesa.	n	na	n	n	n	n	n	na
A2	190	Questa decorazione sulla base dell'ostensorio (un oggetto speciale per mostrare l'ostia) mostra San Barnaba, il santo a cui è dedicata la chiesa.	y	y	y	n	n	n	n	na
A2	191	Questa decorazione sulla base dell'ostensorio mostra San Baudolino, il santo a cui è dedicata la chiesa.	y	n	y	n	n	n	n	na
A2	192	Questo dipinto mostra San Gregorio, vestito da papa, che scende le scale per dare l'elemosina a molti poveri inginocchiati.	n	na	y	n	n	n	n	na
A2	193	Questo affresco al centro mostra San Gregorio circondato da angeli che lo portano in cielo.	y	n	y	n	n	n	n	na
A2	194	Questo medaglione decorato mostra San Giovanni evangelista con la sua aquila.	n	na	y	n	y	n	n	na
A2	195	Questo affresco mostra Giacobbe che dorme e sogna una scala che va fino al cielo, con angeli che salgono e scendono.	y	n	y	n	n	n	n	na
A2	196	Questo affresco mostra Giobbe, che ha perso tutto e tutti lo hanno abbandonato. Sua moglie e tre amici lo insultano.	y	n	y	n	n	n	n	na
A2	197	Questo affresco mostra Giuditta che entra nella tenda di Oloferne con la sua serva. Sta per tagliare la testa di Oloferne.	y	n	n	n	n	n	n	na
A2	198	Questo dipinto mostra Mosè sul monte Sinai che riceve da Dio le tavole con i Dieci Comandamenti.	n	na	y	n	n	n	n	na
A2	199	Questo affresco mostra la Carità come una donna con una fiamma sulla testa che allatta un bambino. È di colore chiaro come il marmo.	y	n	n	n	y	n	y	n
A2	200	Questo stallo (un sedile speciale in chiesa) ha decorazioni intagliate con forme curve.	y	y	y	n	y	n	n	na